"Who plays John McClane in the 1988 film Die Hard?","Clint Eastwood","Mel Gibson","Tommy Lee Jones","Bruce Willis",4
"Who plays the fire chief in the 1974 film The Towering Inferno?","Dustin Hoffman","Paul Newman","Robert Redford","Steve McQueen",4
"In the 1994 film Speed, the bomb is set to explode when the bus's speed falls below what?","40 mph","50 mph","55 mph","60 mph",2
"In the 1975 film Jaws, Robert Shaw plays the professional shark hunter, Quint. What is the name of Quint's boat?","The Grampus","The Narwhal","The Nautilus","The Orca",4
"Who plays Gabe Walker, a climber who has lost his confidence, in the 1993 film Cliffhanger?","Michael Douglas","Clint Eastwood","Arnold Schwarzenegger","Sylester Stallone",4
"The action hero Indiana Jones has a pathological fear of what creatures?","Bats","Rats","Snakes","Spiders",3
"Who plays Snake Plissken in the 1981 film Escape From New York?","Michael Douglas","Chuck Norris","Kurt Russell","Steven Seagal",3
"What is the first name of the Sylvester Stallone character Rambo?","Jed","Jim","Joe","John",4
"In the 2006  Bond film Casino Royale, Bond is sent to  arrest a bombmaker on which island?","Borneo","Java","Madagascar","Mauritius",3
"The title character in the 2004 film Van Helsing is based on a character from which novel?","Dracula","Frankenstein","The Invisible Man","Dr Jekyll and Mr Hyde",1
"In the 1993 film Falling Down, Michael Douglas's character is trying to get home for what?","His daughter's birthday","His father's funeral","His wife's first dinner party","His son's school play",1
"In the 1974 film Mr Majestyk, Charles Bronson plays a farmer growing what?","Apples","Cherries","Melons","Peaches",3
"Who plays the sadistic railroad conductor in the 1973 film Emperor of the North Pole?","Ernest Borgnine","Gene Hackman","Lee Marvin","Jack Nicholson",1
"The action film star Jean-Claude Van Damme was born in which country?","Belgium","Canada","France","Switzerland",1
"In the film Die Hard, Bruce Willis's character is a New York cop, but the action takes place where?","Boston","Chicago","Los Angeles","Washington DC",3
"Who plays the crooked politician Walter Chalmers in the 1968 film Bullitt?","Dennis Hopper","Gene Hackman","Robert Vaughn","Robert Wagner",3
"In the 1971 film Dirty Harry, what rank is Clint Eastwood's character, Harry Callahan?","Sergeant","Lieutenant","Inspector","Captain",3
"Who directed the 2000 film Crouching Tiger, Hidden Dragon?","Ang Lee","Li Yang","Zhang Yang","Zhu Shilin",1
"Who plays the Nazi dentist in the 1974 film Marathon Man?","Richard Burton","Alec Guinness","Richard Harris","Laurence Olivier",4
"Who plays the disfigured scientist Peyton Westlake in the 1990 film Darkman?","Richard Gere","Ray Liotta","Liam Neeson","Patrick Swayze",3
"In the 1988 Bruce Willis film Die Hard, what is the name of the villain, played by Alan Rickman?","Hans Gerber","Hans Gruber","Heinz Gerber","Heinz Gruber",2
"Who plays Steve McQueen's girlfriend in the 1968 film Bullitt?","Jane Birkin","Jacqueline Bisset","Patty Duke","Faye Dunaway",2
"The 1968 film Ice Station Zebra is based on the novel of the same name by which author?","Tom Clancy","Clive Cussler","Alistair MacLean","Wilbur Smith",3
"Who plays the female lead in the 1962 John Wayne film Hatari!?","Ursula Andress","Claudia Cardinale","Gina Lollobrigida","Elsa Martinelli",4
"Which cinematic audio process was first used by Universal Studios in the 1974 film Earthquake?","Maxisound","Megasound","Sensurround","Ultrasound",3
"Who plays the witness Clint Eastwood has the job of escorting in the 1977 film The Gauntlet?","Anne Archer","Teri Garr","Sondra Locke","Charlotte Rampling",3
"Who plays the paroled ex-con Cameron Poe in the 1997 film Con Air?","Nicolas Cage","John Cusack","Gary Oldman","Kevin Spacey",1
"Who plays the big game hunter Roland Tembo in the 1997 film sequel The Lost World: Jurassic Park?","Michael Kitchen","Bob Peck","Pete Postlethwaite","Robert Lindsay",3
"The 1992 film Deliverance features four city types making a canoe trip down a remote river. What is their home city?","Atlanta","Denver","New York","Tallahassee",1
"What sport is featured in the 1990 Tom Cruise film Days of Thunder?","American football","Auto racing","Baseball","Basketball",2
"The original King Kong film was released in what year?","1923","1933","1943","1953",2
"Who plays the title role in the 1935 film Captain Blood?","Lionel Barrymore","Ronald Colman","Errol Flynn","Douglas Fairbanks Jr",3
"Who plays the female lead in the 1984 film Romancing the Stone?","Kim Basinger","Demi Moore","Sharon Stone","Kathleen Turner",4
"What is the profession of Gene Hackman's character in the 1972 film The Poseidon Adventure?","Painter","Policeman","Politician","Priest",4
"Johnny Weissmuller, who played Tarzan in several films, was an Olympic gold medallist at what sport?","Boxing","Fencing","Swimming","Weightlifting",3
"Who plays the title role in the 1948 film Scott of the Antarctic?","John Gregson","John Mills","Kenneth More","James Robertson Justice",2
"Don Diego De la Vega is the real name of which legendary  hero?","The Crimson Pirate","El Cid","Robin Hood","Zorro",4
"In the 1939 Gary Cooper film Beau Geste, the title character is a member of which fighting force?","The French Foreign Legion","The French Resistance","The Royal Navy","The US Marines",1
"What is the name of Johnny Depp's character in the Pirates of the Caribbean films?","Jack Frost","Jack Sparrow","Jack Sprat","Jack Tar",2
"The 1952 film The Prisoner of Zenda, starring Stewart Granger, is set in which fictional country?","Freedonia","Narnia","Ruritania","Vulgaria",3
"Who plays Captain Ned Lynch in the 1976 film Swashbuckler?","Beau Bridges","Richard Harris","Roger Moore","Robert Shaw",4
"Who plays the Sheriff of Nottingham in the 1991 film Robin Hood: Prince of Thieves?","Jeremy Irons","Christopher Lloyd","Liam Neeson","Alan Rickman",4
"What is the name of Humphrey Bogart's character in the 1951 film The African Queen?","Charlie Allday","Charlie Allnight","Charlie Allnut","Charlie Allways",3
"The 1985 film King Solomon's Mines, starring Richard Chamberlain and Sharon Stone, is based on the novel of the same name by which author?","Wilkie Collins","Arthur Conan Doyle","H Rider Haggard","Robert Louis Stevenson",3
"The 1952 film Scaramouche includes a famous swordfight between Stewart Granger and who else?","Jose Ferrer","Mel Ferrer","George Sanders","Cornel Wilde",2
"Who plays Raquel Welch's husband in the 1973 film The Three Musketeers?","Kenneth Connor","Roy Kinnear","Spike Milligan","Kenneth Williams",3
"The 1948 film The Treasure of the Sierra Madre, starring Humphrey Bogart and Tim Holt, is set in which country?","Mexico","Peru","Spain","The USA",1
"Who plays opposite Cary Grant in the 1959 film North by Northwest?","Doris Day","Tippi Hedren","Kim Novak","Eva Marie Saint",4
"In the 1935 film Mutiny on the Bounty, Charles Laughton plays Captain Bligh. What is the captain's first name?","Charles","James","Robert","William",4
"In the 1990 film White Hunter, Black Heart, Clint Eastwood plays a film maker. The character is  based on which real-life director?","John Ford","John Huston","Howard Hawks","Howard Hughes",2
"What is the name of Burt Lancaster's character in the 1952 film The Crimson Pirate?","Captain Callo","Captain Dallo","Captain Mallo","Captain Vallo",4
"In the 1951 film The African Queen, Katherine Hepburn plays the missionary Rose Sayer. Who plays her brother Samuel?","Robert Beatty","Charles Laughton","Robert Morley","James Robertson Justice",3
"Who plays opposite Maureen O' Hara in the 1942 film The Black Swan?","Errol Flynn","Stewart Granger","Tyrone Power","John Wayne",3
"In the 1975 film Jaws, what is the name of the police chief, played by Roy Scheider?","Bodie","Brady","Bradley","Brodie",4
"Who directed the 1962 film Lawrence of Arabia?","John Frankenheimer","Stanley Kubrick","David Lean","James Whale",3
"Who provides the voice of Jane in the 1999 animated film Tarzan?","Minnie Driver","Andie MacDowell","Kylie Minogue","Emma Thompson",1
"Who plays the female lead in the 1986 film Crocodile Dundee?","Nastassja Kinski","Linda Kozlowski","Mary McDonnell","Greta Scacchi",2
"The 1965 film The Flight of the Phoenix is set in which desert?","The Atacama Desert","The Gobi Desert","The Kalahari Desert","The Sahara Desert",4
"Which rapper plays cameraman Danny Rich in the 1997 film Anaconda?","Ice Cube","Ice-T","LL Cool J","Snoop Dogg",1
"Who stars in the 1995 film Cutthroat Island?","Geena Davis","Whoopi Goldberg","Susan Sarandon","Kathleen Turner",1
"Who plays the lead in the 1960 film The Lost World?","Joseph Cotton","James Mason","Michael Rennie","John Wayne",3
"Who plays the title role in the 1951 film Captain Horatio Hornblower?","Cary Grant","Rock Hudson","Charles Laughton","Gregory Peck",4
"What is the title of the 1985 film directed by John Boorman and set in Brazil?","The Emerald Forest","The Enchanted Forest","The Petrified Forest","The Rain Forest",1
"Which character does Stanley Baker play in the 1953 film Knights of the Round Table?","Gawain","Merlin","Modred","Percival",3
"In the 2000 film The Perfect Storm, starring George Clooney, the storm of the title takes place in which ocean?","Arctic","Atlantic","Indian","Pacific",2
"Who plays the female lead in the 1994 film The River Wild?","Sandra Bullock","Geena Davis","Susan Sarandon","Meryl Streep",4
"The 1951 film The African Queen, starring Humphrey Bogart and Katherine Hepburn, is set during which war?","Zulu War","Boer War","World War One","World War Two",3
"What is the title of the 1995 film starring Richard Gere as Sir Lancelot?","First Knight","Last Knight","Late Knight","Stormy Knight",1
"The 1982 Arnold Schwarzenneger fantasy film is entitled  what?","The Riddle of the Sands","The Riddle of the Sorcerer","The Riddle of Steel","The Riddle of Stone",3
"Who stars in the 1927 silent film The General?","Charlie Chaplin","Buster Keaton","Harold Lloyd","Ben Turpin",2
"Which actress played the title role in the 2001 film &quot;Bridget Jones' Diary&quot;?","Julia Roberts","Meg Ryan","Meryl Streep","Ren√©e Zellweger",4
"Who played the male lead in the 1999 film &quot;Notting Hill&quot;?","Brad Pitt","Hugh Grant","Leonardo DiCaprio","Tom Cruise",2
"What accompanies &quot;Four Weddings&quot; in the 1994 film?","A christening","A divorce","A funeral","An engagement",3
"In which year was the Richard Gere and Julia Roberts film &quot;Pretty Woman&quot; released?","1970","1980","1990","2000",3
"Which creator of &quot;Blackadder&quot; directed the 2003 film &quot;Love Actually&quot;?","Ben Elton","Richard Curtis","Rik Mayall","Rowan Atkinson",2
"Who played Johnny Castle in the 1987 film &quot;Dirty Dancing&quot;?","John Travolta","Lionel Blair","Patrick Swayze","Wayne Sleep",3
"Which part did Kate Winslet play in the 1997 film &quot;Titanic&quot;?","Rose DeActress Bukater","Rose DeHeroine Bukater","Rose DeOscar Bukater","Rose DeWitt Bukater",4
"Henry Roth was the part played by Adam Sandler in which 2004 film?","50 First Currants","50 First Dates","50 First Figs","50 First Raisins",2
"In which 1992 film did Kevin Costner's Frank protect Whitney Houston's Rachel?","The Bodyguard","The Minder","The Protector","The Shield",1
"Which 1988 film starred Bette Midler and Barbara Hershey as friends?","Beaches","Dunes","Sands","Seasides",1
"In which 1990 Patrick Swayze film did Demi Moore play the part of Molly Jensen?","Dirty Dancing","Father Hood","Ghost","Steel Dawn",3
"Who played Kimberly Wallace in the 1997 film &quot;My Best Friend's Wedding&quot;?","Cameron Diaz","Halle Berry","Julia Roberts","Meg Ryan",1
"In the 1998 film &quot;Stepmom&quot; what are Jackie and Luke Harrison's children called?","Alison and Bill","Anna and Ben","Anne and Brett","Annemarie and Brian",2
"Which 1989 Meg Ryan film also starred Billy Crystal?","Promised Land","The Doors","Top Gun","When Harry Met Sally",4
"In the 1991 film &quot;Thelma and Louise&quot; in what car do the title characters travel?","Chevrolet","Corvette","Mustang","Thunderbird",4
"Which role was played by Alison Steadman in the 1989 film &quot;Shirley Valentine&quot;?","Gillian","Jane","Marjorie","Shirley",2
"In which year was the Drew Barrymore film &quot;Never Been Kissed&quot; released?","1997","1998","1999","2000",3
"Who directed the 2001 film &quot;Legally Blonde&quot; starring Reese Witherspoon?","Lewis Gilbert","Raja Gosnell","Ridley Scott","Robert Luketic",4
"In the 1993 film &quot;Sleepless In Seattle&quot; what is the name of Sam Baldwin's son?","Jason","John","Jonah","Jonathan",3
"In the 1999 film &quot;Runaway Bride&quot;, what is the job of Ike Graham?","Baseball Coach","Divorce Lawyer","Private Investigator","Reporter",4
"How many children are there in the 1970 film The Railway Children?","3","4","5","7",1
"Who plays six distinct roles in the computer-animated 2004 film The Polar Express?","Johnny Depp","Morgan Freeman","Tom Hanks","Will Smith",3
"What is the name of Dorothy's dog in the 1939 film The Wizard of Oz?","Tintin","Tito","Tonto","Toto",4
"What is the title of the 1987 animated film featuring a household appliance in the title role?","The Brave Little Kettle","The Brave Little Radio","The Brave Little Teapot","The Brave Little Toaster",4
"Which cartoon character stars opposite basketball star Michael Jordan in the animated film Space Jam?","Bugs Bunny","Daffy Duck","Donald Duck","Elmer Fudd",1
"What breed of dog is the title character in the 1992 film Beethoven?","Afghan Hound","Chihuahua","Great Dane","St Bernard",4
"What is the name of  the Volkswagen Beetle with a mind of its own in the 1969 film The Love Bug?","Harry","Harvey","Herbie","Hymie",3
"What is Velvet's surname in the 1944 film National Velvet?","Black","Brown","Green","White",2
"Who or what is Old Yeller in the title of the 1957 film?","A cougar","A dog","A gold prospector","A mule",2
"Who plays Miss Eglantine Price, who is secretly a witch, in the 1971 film Bedknobs and Broomsticks?","Julie Andrews","Goldie Hawn","Angela Lansbury","Una Stubbs",3
"Who plays the title role in the 1971 version of Willy Wonka and the Chocolate Factory?","Dean Jones","Roddy McDowall","Gene Wilder","Robin Williams",3
"Who plays Swinburne in the 1971 film Bedknobs and Broomsticks?","Michael Crawford","Bruce Forsyth","David Tomlinson","Norman Wisdom",2
"Which preserved steam railway was used in the filming of the 1970 film The Railway Children?","Churnet Valley Railway","Keighley and Worth Valley Railway","Nene Valley Railway","Severn Valley Railway",2
"In the 1941 animated film Dumbo, what is the name of Dumbo's only friend, a mouse?","Timothy","Tiny","Toby","Tommy",1
"Who plays Hermione Granger in the first five Harry Potter films?","Emma Watson","Emma Williams","Emma Williamson","Emma Wilson",1
"Which city is the setting for the 1956 short film The Red Balloon?","London","New York","Paris","Rome",3
"The song Rumbly in my Tumbly comes from which 1960s film?","Emil and the Detectives","The Jungle Book","One Hundred and One Dalmatians","Winnie the Pooh and the Honey Tree",4
"In the 1980 film Popeye, the famous sailor meets his father. What is his dad's name?","Bilgerat Pappy","Longboat Pappy","Mainmast Pappy","Poopdeck Pappy",4
"What is the title of the 1980 film, the fourth in the Lovebug series?","Herbie Goes Bananas","Herbie Goes Crazy","Herbie Goes Loco","Herbie Goes Nuts",1
"What is the name of the character voiced by Mel Gibson in the 2000 animated film Chicken Run?","Rocky Rhodes","Rocky Rails","Rocky Robin","Rocky Rooster",1
"Who plays Kris Kringle in the 1994 version of Miracle on 34th Street?","Richard Attenborough","Anthony Hopkins","Jeremy Irons","Peter O'Toole",1
"In the 1955 animated film Lady and the Tramp, what breed of dog is Lady?","Beagle","Border Collie","Cocker Spaniel","Jack Russell Terrier",3
"In the 1960 film Pollyanna, who plays the title character's Aunt Polly?","Ava Gardner","Katherine Hepburn","Angela Lansbury","Jane Wyman",4
"In the 1969 animated film A Boy Named Charlie Brown, Charlie and his friends compete in what?","A cross-country race","A softball tournament","A spelling bee","A swimming gala",3
"In the Love Bug series of films, what number is carried by Herbie?","33","43","53","63",3
"In the 1979 film The Black Stallion, who plays the retired jockey who teaches the young boy to ride the stallion?","Danny DeVito","Bob Hoskins","Roddy McDowall","Mickey Rooney",4
"What do developers plan to build in the 1985 film The Goonies, only to be thwarted by a group of kids?","An apartment block","A casino","A golf course","A marina",3
"Which Disney cartoon character opens gifts from his Latin American friends in the 1945 film The Three Caballeros?","Donald Duck","Goofy","Mickey Mouse","Pluto",1
"What is the name of the dragon in the 1977 film Pete's Dragon?","Eddie","Egbert","Elliot","Ernie",3
"The song When You Wish Upon a Star comes from which Disney film?","Cinderella","Peter Pan","Pinocchio","Snow White and the Seven Dwarfs",3
"Who appeared as Mister Bean on television and on film?","Ben Elton","Griff Rhys Jones","Mel Smith","Rowan Atkinson",4
"How many weddings accompanied a funeral on film?","2","3","4","5",3
"Which inspector did Peter Sellers play in the &quot;Pink Panther&quot; films?","Clouseau","Cointreau","Cousteau","Couteau",1
"Which comedy team appeared in the film &quot;A Night At The Opera&quot;?","Chuckle Brothers","Laurel and Hardy","Marx Brothers","Morecambe and Wise",3
"Which Lancashire comedian appeared in the film Turned Out Nice Again?","Bernard Manning","George Formby","Jim Bowen","Stan Boardman",2
"Which series of comedy films followed the progress of trainee American cops?","LA Police","Miami Vice","New York Police","Police Academy",4
"Which Marx Brothers film was set in the fictitious state of &quot;Freedonia&quot;?","A Day At The Races","A Night In Casablanca","Duck Soup","Love Happy",3
"What type of dwelling gave Jack Lemmon a major film hit?","The Apartment","The Bungalow","The Caravan","The Townhouse",1
"Who played Ken in the film &quot;A Fish Called Wanda&quot;?","Michael Aspel","Michael Palin","Michael Parkinson","Michael Winner",2
"Burt Reynolds appeared in the film &quot;Smokey And The  -----&quot; what ?","Bandit","Crook","Robber","Thief",1
"&quot;Springtime For Hitler&quot; was sung in which Mel Brooks film?","Blazing Saddles","History Of The World : Part 1","The Producers","Young Frankenstein",3
"Who starred in the funny silent movie &quot;The Navigator&quot;?","Buster Keaton","Harpo Marx","Mary Pickford","The Keystone Kops",1
"Which Woody Allen film was a parody of 19th century Russian novels?","Annie Hall","Bananas","Love And Death","Sleeper",3
"Which actor delivered the famous film line &quot;Infamy, infamy, they've all got it in for me&quot;?","Bernard Bresslaw","Kenneth Connor","Kenneth Williams","Sid James",3
"Bud and Lou made comic films together as who?","Abbott and Costello","Flanagan and Allen","Laurel and Hardy","Morecambe and Wise",1
"Who shared the lead with Jeff Daniels in the 1994 film &quot;Dumb &amp; Dumber&quot;?","Eddie Murphy","Jim Carrey","Randy Quaid","Will Smith",2
"In which English city was the film &quot;The Full Monty&quot; set?","Bradford","Bristol","Oxford","Sheffield",4
"Which actor played Brian in the Monty Python film &quot;The Life Of Brian&quot;?","Eric Idle","Graham Chapman","John Cleese","Michael Palin",2
"&quot;My Little Chickadee&quot; was one of whose most famous films?","Bob Hope","Groucho Marx","Jack Benny","W C Fields",4
"Which American comic actor appeared in &quot;Carry On - Follow That Camel&quot;?","Eddie Murphy","George Seagal","Jack Lemmon","Phil Silvers",4
"Who starred alongside Steve Martin in the film &quot;Planes, Trains and Automobiles&quot;?","John Candy","Steve Guttenberg","Ted Danson","Tom Selleck",1
"In the film &quot;Ace Ventura - Pet Detective&quot; which US football team was featured?","Cincinnati Bengals","Miami Dolphins","Seattle Seahawks","St Louis Rams",2
"Arthur Lucan appeared as which comic character on film?","Ian Sludge Lees","Legs Larry Smith","Long John Silver","Old Mother Riley",4
"Which British comic legend appeared in the 1937 film &quot;Oh, Mr Porter&quot;?","Sandy Powell","Ted Ray","Tommy Trinder","Will Hay",4
"&quot;This Is Spinal Tap&quot; was a spoof movie based upon what?","Bar Staff","Medical Students","Mercenary Soldiers","Rock Group",4
"Which famous duo appeared in a number of &quot;Road&quot; films?","Bing Crosby and Bob Hope","Dean Martin and Jerry Lewis","George Burns and Gracie Allen","Jack Lemmon and Walter Matthau",1
"In which Peter Sellers film did he refer to &quot;Birdie Num Nums&quot;?","A Shot In The Dark","Dr Strangelove","I'm All Right Jack","The Party",4
"What was John Cleese's occupation in the film &quot;Clockwise&quot;?","Architect","Doctor","Headmaster","Lawyer",3
"Whose comic films often included himself playing the character Monsieur Hulot?","Jacques Cousteau","Jacques Tati","Jean Paul Belmondo","Maurice Chevalier",2
"Which British-made 1960s silent movie, featuring Eric Sykes, achieved cult status?","The Brick","The Building Site","The Plank","The Wall",3
"In the film &quot;National Lampoon's Christmas Vacation&quot; who played the male lead?","Chevy Chase","Leslie Neilsen","Peter Sellers","Steve Martin",1
"Who appeared as Dudley Moore's butler in &quot;Arthur&quot;?","Sir John Gielgud","Sir John Mills","Sir Laurence Olivier","Sir Ralph Richardson",1
"Who appeared in countless movies alongside Oliver Hardy?","Sam Laurel","Stan Laurel","Steve Laurel","Stig Laurel",2
"In which film did Charlie Chaplin play a pathetic character in 1915?","The Hobo","The Scruff","The Tramp","The Vagabond",3
"Which 1980 film was a spoof based upon disaster movies?","Airplane !","Helicopter !","Hot Air Balloon !","Jet !",1
"Which 1970s British sitcom starring Reg Varney transferred to the big screen?","Love Thy Neighbour","On The Buses","Rising Damp","The Cuckoo Waltz",2
"What set apart &quot;Trail Of The Pink Panther&quot; from other Peter Sellers &quot;Panther&quot; films?","It was a series of out-takes","It was filmed on the Isle of Skye","It was shot in black and white","It was written only by Sellers",1
"Jack Lemmon and Walter Matthau appeared on film as which two-man team?","The Deadly Duo","The Odd Couple","The Strange Pair","The Weird Twosome",2
"Which Scottish comic actor appeared alongside Eric Idle in &quot;Nuns On The Run&quot;?","Billy Connolly","John Laurie","Robbie Coltrane","Stanley Baxter",3
"In which film did Goldie Hawn and Susan Sarandon star in 2002?","The Banger Sisters","The Firework Sisters","The Flare Sisters","The Sparkler Sisters",1
"Who plays Bonnie in the 1967 film Bonnie and Clyde?","Angie Dickinson","Faye Dunaway","Jane Fonda","Raquel Welch",2
"What does a police officer have cut off in the 1992 Quentin Tarantino film Reservoir Dogs?","His ear","His finger","His nose","His toe",1
"The 1969 film The Italian Job is set in which city?","Milan","Naples","Rome","Turin",4
"Who stars in the 1949 film White Heat?","Humphrey Bogart","James Cagney","George Raft","Edward G Robinson",2
"What is the name of Robert Shaw's character in the 1973 film The Sting?","Lonnie Donegan","Doyle Lonnegan","Lou Hannigan","Danny Kerrigan",2
"Which real-life gangster does Ray Liotta play in the 1990 film Goodfellas?","Harry Hill","Henry Hill","Harry Houdini","Henry Hudson",2
"What is the title of the 1994 Woody Allen film starring John Cusack?","Bullets over Broadway","Bullets over the Bronx","Bullets over Manhattan","Bullets over New York",1
"What is the name of Richard Attenborough's character in the 1947 film Brighton Rock?","Brownie","Blackie","Pinkie","Whitey",3
"In the 2004 film Collateral, Jamie Foxx plays what role?","A bus driver","A taxi driver","A truck driver","A subway train driver",2
"What are the first names of the title characters in the 1990 film The Krays?","Raymond and Reginald","Raymond and Ronald","Robert and Reginald","Ronald and Reginald",4
"The 1947 film Brighton Rock, starring Richard Attenborough, was based on the novel by which author?","Kingsley Amis","Graham Greene","George Orwell","Evelyn Waugh",2
"Who stars opposite Martin Sheen in the 1973 film Badlands?","Mia Farrow","Marsha Mason","Michelle Pfeiffer","Sissy Spacek",4
"What event is central to the 1975 film Dog Day Afternoon?","A bank robbery","A gas station robbery","A jewellery store robbery","A liquor store robbery",1
"The 1967 film Point Blank, starring Lee Marvin, is set in which city?","Atlanta","Los Angeles","Miami","New Orleans",2
"What is the title of the 1999 film starring Mel Gibson as a small-town crook?","Payback","Paycheck","Payoff","Payroll",1
"What is the first name of the title character, played by Samuel L Jackson, in the 2000 film Shaft?","Jacob","James","John","Joseph",3
"Who plays the female lead in the 1944 film Double Indemnity, also starring Fred MacMurray and Edward G Robinson?","Rita Hayworth","Susan Hayward","Katherine Hepburn","Barbara Stanwyck",4
"In the 1951 film The Lavender Hill Mob, the crooks make models of what out of melted-down gold?","Big Ben","The Eiffel Tower","The Empire State Building","The Leaning Tower of Pisa",2
"The 1996 film Fargo takes its name from a city in which US state?","North Dakota","Maine","Minnesota","South Dakota",1
"Who plays the title role in the 1993 film Carlito's Way?","Al Pacino","Sean Penn","Joe Pesci","Robert De Nero",1
"In the 1991 film Billy Bathgate, which real-life gangster is played by Dustin Hoffman?","Legs Diamond","John Dillinger","Baby Face Nelson","Dutch Schultz",4
"Who plays the title role in the 1997 Quentin Tarantino film Jackie Brown?","Bridget Fonda","Pam Grier","Angelina Jolie","Uma Thurman",2
"The 1955 film Rififi features a daring jewel robbery in which city?","Istanbul","London","Paris","Rome",3
"Who plays the undercover cop Sonny Crocket in the 2006 film Miami Vice?","Robert Carlyle","Colin Farrell","Colin Firth","Ewan McGregor",2
"What is the surname of the family that's murdered in the 1967 film In Cold Blood?","Clatter","Cletter","Clotter","Clutter",4
"What is the title of the 1938 James Cagney film?","Angels on Horseback","Angels with Dirty Faces","Fallen Angels","We're No Angels",2
"Who plays Robert De Nero's psychiatrist in the 1999 film Analyze This?","Gary Busey","Billy Crystal","Michael Moriarty","Michael Sheen",2
"What is the title of the 2002 film about two New York brothers who fall foul of the Irish mob?","Ash Wednesday","Black Monday","Easter Sunday","Good Friday",1
"In the 1967 film Bonnie and Clyde, Warren Beatty plays Clyde Barrow. Who plays his older brother, Buck?","Ernest Borgnine","Gene Hackman","Karl Malden","Rod Steiger",2
"What is the name of Nicolas Cage's character in the 2000 film Gone in Sixty Seconds?","Dakota","Dallas","Memphis","Tennessee",3
"The title role in the 1971 film Get Carter is played by Michael Caine. What is the character's first name?","Jack","Jerry","Jim","Joe",1
"In the 1971 film The French Connection, Gene Hackman's character, Popeye Doyle, wears a distinctive what?","Baseball cap","Fedora","Pork-pie hat","Stetson",3
"Who plays the compulsive gambler Chris Shiherlis in the 1995 film Heat?","Robert De Nero","Val Kilmer","Al Pacino","Jon Voight",2
"Who plays opposite James Cagney in the 1931 film The Public Enemy?","Marlene Dietrich","Zsa Zsa Gabor","Jean Harlow","Mae West",3
"The 1964 film Topkapi, about a jewel robbery in Istanbul, was based on a novel by which crime writer?","Eric Ambler","Raymond Chandler","Mickey Spillane","Edgar Wallace",1
"Who plays Steve McQueen's wife in the 1972 film The Getaway?","Faye Dunaway","Mia Farrow","Ali MaGraw","Stella Stevens",3
"In the 1980 film Scarface, Al Pacino plays a hitman seeking political asylum in Florida. What nationality is his character?","Colombian","Cuban","Peruvian","Venezualan",2
"Who plays John Cusack's mother in the 1990 film The Grifters?","Roseann Barr","Anjelica Huston","Madonna","Sissy Spacek",2
"What is the title of the 1948 film starring Humphrey Bogart, Edward G Robinson and Lauren Bacall?","Key Largo","Key West","Sugarloaf Key","Sunset Key",1
"Who plays the mobster Slim Dundee in the 1949 film Criss Cross, also starring Burt Lancaster and Yvonne De Carlo?","Dan Duryea","Robert Ryan","Orson Wells","Richard Widmark",1
"Who plays the title role in the 1980 film The Elephant Man?","Michael Elphick","John Hurt","William Hurt","Jeremy Irons",2
"The 1992 film Howard's End is based on the novel of the same name by which author?","R F Delderfield","E M Forster","D H Lawrence","H G Wells",2
"What is the title of the 1991 film starring River Phoenix and Keanu Reeves?","My Own Private Idaho","My Own Private Illinois","My Own Private Indiana","My Own Private Iowa",1
"The 1976 film All the President's Men centres around which incident?","The Boston Tea Party","The attack on Pearl Harbor","The Cuban missile crisis","Watergate",4
"Much of the action of the 1945 film Brief Encounter takes place where?","An airport departure lounge","A hotel bar","A restaurant","A station refreshment room",4
"Who plays the lone dissenting jury member in the 1957 courtroom drama Twelve Angry Men?","Henry Fonda","Cary Grant","James Stewart","Jack Warden",1
"What is the title of the 1944 film set on Martinique and starring Humphrey Bogart and Lauren Bacall?","To Have and Have Not","To Have and To Hold","To Have It Coming","To Have What It Takes",1
"What is Seabiscuit in the title of the 2003 film starring Tobey Maguire and Jeff Bridges?","A dog","A racehorse","A sailing boat","A whale",2
"Who plays the title role in the 2002 film The Quiet American?","Beau Bridges","Michael Caine","Liam Neeson","Christopher Walken",2
"The 1975 film Picnic at Hanging Rock is set in which country?","Australia","Canada","New Zealand","Wales",1
"Which 1987 film stars Anthony Hopkins and Anne Bancroft?","84 Charing Cross Road","84 Cromwell Road","84 Gloucester Road","84 Tottenham Court Road",1
"Which boxer is played by Paul Newman in the 1956 film Somebody Up There Likes Me?","Jack Dempsey","Rocky Graziano","Rocky Marciano","Gene Tunney",2
"Who plays the title character, a morphine addict, in the 1955 film The Man with the Golden Arm?","Jack Lemmon","Dean Martin","William Powell","Frank Sinatra",4
"Which country singer does Sissy Spacek play in the 1980 film Coal Miner's Daughter?","Patsy Cline","Loretta Lynn","Dolly Parton","Tammy Wynette",2
"What is the name of the sadistic nurse in the 1975 film One Flew Over the Cuckoo's Nest?","Nurse Ratched","Nurse Retched","Nurse Ritched","Nurse Rutched",1
"In the 1990 film Misery, James Caan's character, Paul Sheldon is a writer of what type of novels?","Mystery","Romantic","Thriller","Science Fiction",2
"For which 1955 film did Ernest Borgnine win the Best Actor Oscar?","Manny","Marnie","Marty","Matty",3
"Who plays Kevin Spacey's wife in the 1999 film American Beauty?","Annette Bening","Melanie Griffith","Meg Ryan","Sigourney Weaver",1
"Who does the driving in the 1989 film Driving Miss Daisy?","Morgan Freeman","Danny Glover","Samuel L Jackson","Will Smith",1
"Which sport features in the 1963 film This Sporting Life?","Cricket","Golf","Horse Racing","Rugby League",4
"Who plays Sam the pianist in the 1943 film Casablanca?","Darley Wilson","Daly Wilson","Deli Wilson","Dooley Wilson",4
"The 1945 film Brief Encounter is based on which Noel Coward play?","Blithe Spirit","Easy Virtue","Private Lives","Still Life",4
"The 1936 film The Petrified Forest is set in which US state?","Arizona","Maine","Oregon","Utah",1
"The 1997 film The Ice Storm is set at what time of year?","Easter","Halloween","Thanksgiving","Christmas",3
"The 1986 film starring River Phoenix as one of a group of four 12-year-old boys shares its name with which Ben E King single?","Here Comes the Night","Show Me the Way","Stand By Me","Too Bad",3
"Who plays a newspaper columnist in rehab for a drink problem in the 2000 film 28 Days?","Sandra Bullock","Helen Hunt","Julia Roberts","Renee Zellweger",1
"Who plays the title role in the 1968 film Rachel, Rachel?","Carolyn Jones","Shirley Jones","Elizabeth Taylor","Joanne Woodward",4
"The 1975 film Barry Lyndon  is based on the novel by which  author?","Henry James","Herman Melville","William Makepeace Thackeray","Anthony Trollope",3
"Who plays opposite Marlon Brando in the 1972 film Last Tango in Paris?","Isabelle Adjani","Jane Birkin","Maria Schneider","Anne Wiazemsky",3
"Who plays the talk radio host Jack Lucas in the 1991 film The Fisher King?","Beau Bridges","Jeff Bridges","Kiefer Sutherland","Robin Williams",2
"Which writer does Anthony Hopkins play in the 1993 film Shadowlands?","W H Auden","G K Chesterton","D H Lawrence","C S Lewis",4
"Which game is featured in the 1993 film Searching for Bobby Fischer?","Blackjack","Chess","Craps","Poker",2
"Who directed the 1969 road movie Easy Rider?","Peter Fonda","Dennis Hopper","Jack Nicholson","John Sturges",2
"The 1977 film The Last Wave is set in which country?","Australia","Canada","Indonesia","Mexico",1
"The 1980 film Ordinary People was the first to be directed by whom?","Kevin Costner","Clint Eastwood","Paul Newman","Robert Redford",4
"Who plays an alcoholic in the 1945 film The Lost Weekend?","William Bendix","Ray Milland","Lloyd Nolan","Gregory Peck",2
"In the 1967 film Cool Hand Luke, the title character, played by Paul Newman, is sent to prison for vandalizing what?","Advertising hoardings","Parking meters","Police cars","Telephone booths",2
"Who stars in the 1989 film Drugstore Cowboy?","Chevy Chase","Matt Damon","Matt Dillon","Jeff Goldblum",2
"The 2003 film Mystic River, starring Sean Penn and Tim Robbins, is set in which city?","Boston","Milwaukee","New York","San Francisco",1
"What is the title of the 2005 Woody Allen film about a tennis pro?","Love All","Match Point","Service Break","Tie Break",2
"Who plays the title role in the 1960 film Spartacus?","Tony Curtis","Kirk Douglas","Charlton Heston","Burt Lancaster",2
"Which character does Mel Gibson play in the 1995 film Braveheart?","Bonnie Prince Charlie","Macbeth","Rob Roy McGregor","William Wallace",4
"Who plays Queen Victoria in the 1997 film Mrs Brown?","Annette Crosbie","Judi Dench","Helen Mirren","Julie Walters",2
"Who is the star of the 2000 film Gladiator?","George Clooney","Russell Crowe","Mel Gibson","Tom Hanks",2
"Who plays Achilles in the 2004 film Troy?","Orlando Bloom","Matt Damon","Johnny Depp","Brad Pitt",4
"Who plays the title role in the 1963 film Cleopatra?","Carroll Baker","Audrey Hepburn","Elsa Martinelli","Elizabeth Taylor",4
"Who plays the title role in the 1959 film Ben-Hur?","Stephen Boyd","Jack Hawkins","Charlton Heston","Anthony Quinn",3
"Who directed the 1982 film Gandhi?","Richard Attenborough","Hugh Hudson","David Lean","Steven Spielberg",1
"Who is the subject of the 1969 film Anne of the Thousand Days, starring Genevieve Bujold in the title role?","Anne Boleyn","Anne Bonny","Anne of Cleves","Annie Oakley",1
"Who plays Sir Thomas More in the 1966 film A Man for All Seasons?","John Hurt","Peter O'Toole","Paul Scofield","Robert Shaw",3
"Which historical event features in the 1937 film Fire Over England?","The Norman Conquest","The Spanish Armada","The Civil War","The Great Fire of London",2
"Who plays Lord Cardigan in the 1968 film The Charge of the Light Brigade?","Harry Andrews","John Gielgud","Alec Guinness","Trevor Howard",4
"Who plays the title role in the 1956 film Anastasia?","Ingrid Bergman","Grace Kelly","Deborah Kerr","Natalie Wood",1
"Which poet is played by Richard Chamberlain in the 1972 film Lady Caroline Lamb?","Byron","Keats","Shelley","Tennyson",1
"The 2004 film Downfall depicts the final days of which historical character?","Hitler","Mussolini","Napoleon","Stalin",1
"The 1989 film Glory traces the history of a regiment of African American Civil War soldiers from which state?","Maine","Massachusetts","New Hampshire","Vermont",2
"Who plays the title role in the 1954 film Beau Brummell?","Stewart Granger","Leslie Howard","Laurence Olivier","Edmund Purdom",1
"Who plays Queen Elizabeth I in the 1998 film Elizabeth?","Cate Blanchett","Elizabeth Hurley","Nicole Kidman","Kate Winslett",1
"In 1933 Greta Garbo played the title role in the film Queen Christina, queen of which country?","Denmark","Holland","Norway","Sweden",4
"Who plays the title role in the 1970 film Cromwell?","Richard Burton","Richard Harris","Derek Jacobi","Paul Scofield",2
"Omar Sharif plays which character in the 1962 film Lawrence of Arabia?","Sherif Abdul","Sherif Achmed","Sherif Ali","Sherif Amil",3
"Who plays Emperor Nero in the 1951 film Quo Vadis?","Charles Laughton","Robert Morley","Peter Ustinov","Orson Welles",3
"The 1916 silent film Intolerance, directed by D W Griffith, depicts the fall of which ancient city?","Babylon","Carthage","Rome","Troy",1
"Who plays Brutus in the 1953 film Julius Caesar?","Marlon Brando","Leo Genn","Herbert Lom","James Mason",4
"Which two cities feature in the title of the 1963 film starring Stewart Granger and Stanley Baker?","Athens and Sparta","Rome and Carthage","Sodom and Gomorrah","Tyre and Sidon",3
"Who plays the Viking hero, Rolfe, in the 1963 film The Long Ships?","Tony Curtis","Kirk Douglas","Robert Taylor","Richard Widmark",4
"What is the name of the slave trader played by Oliver Reed in the 2000 film Gladiator?","Prometheo","Prospero","Proteo","Proximo",4
"In the 1961 film El Cid, the title character, played by Charlton Heston, is mortally wounded during the siege of which city?","Cordoba","Granada","Seville","Valencia",4
"Who plays the title role in the 1934 film Cleopatra?","Claudette Colbert","Jean Harlow","Carole Lombard","Fay Wray",1
"Who wrote the score for the 1965 film Doctor Zhivago?","John Barry","Elmer Bernstein","Maurice Jarre","Alfred Newman",3
"Who plays the female lead in the 1964 film The Fall of the Roman Empire?","Claudia Cardinale","Gina Lollobrigida","Sophia Loren","Elsa Martinelli",3
"Who plays Messala, the loser of the  chariot race in the 1959 film Ben-Hur?","Stanley Baker","Stephen Boyd","Jack Hawkins","Anthony Steel",2
"Leslie Howard plays Ashley Wilkes in the 1939 film Gone with the Wind. What is the name of the Wilkes' family home?","Seven Oaks","Seven Trees","Twelve Oaks","Twelve Trees",3
"Which English king is portrayed by Peter O'Toole  in the 1968 film The Lion in Winter?","Henry II","Richard I","Henry III","Edward I",1
"Who plays General Robert E Lee in the 1993 film Gettysburg?","Tom Berenger","Willem Dafoe","Tommy Lee Jones","Martin Sheen",4
"Who plays Queen Charlotte in the 1994 film The Madness of King George?","Brenda Blethyn","Judi Dench","Helen Mirren","Billie Whitelaw",3
"Who plays the title role in the 1995 film Rob Roy?","Pierce Brosnan","Robert Carlyle","Liam Neeson","John Gordon Sinclair",3
"Who plays Lady Jane Grey in the 1986 film Lady Jane?","Helena Bonham Carter","Jane Horrocks","Elizabeth Hurley","Joely Richardson",1
"Who plays Fletcher Christian in the 1962 film Mutiny on the Bounty?","Marlon Brando","Sean Connery","Paul Newman","Gregory Peck",1
"Who plays Catherine the Great  in the 1934 film The Scarlet Empress?","Tallulah Bankhead","Marlene Dietrich","Greta Garbo","Flora Robson",2
"What is the name of the monster in the 1966 spoof horror film Carry On Screaming?","Oddball","Oddbin","Oddbod","Oddjob",3
"Who plays the title role in the 1959 film The Mummy?","Peter Cushing","Boris Karloff","Christopher Lee","Vincent Price",3
"What was Boris Karloff's real name?","William Henry Pratt","William Henry Price","William Henry Proops","William Henry Pruett",1
"The 1932 film Murders in the Rue Morgue is based on a story by which writer?","Charles Dickens","Henry James","M R James","Edgar Allan Poe",4
"In the 1933 film King Kong, what is the name of the island on which Kong is discovered?","Kong Island","Mysterious Island","Skeleton Island","Skull Island",4
"Who gets stabbed in the shower in the 1960 film Psycho?","Janet Jones","Janet Leigh","Jean Peters","Natalie Wood",2
"The 1982 film The Thing takes place where?","The Sahara desert","Death Valley","The Vietnamese jungle","Antarctica",4
"What is the first name of the twelve-year-old girl in the 1973 film The Exorcist?","Regan","Rogan","Rosemary","Ruth",1
"What is the title of the 1960 film based on John Wyndham's novel The Midwich Cuckoos?","City of the Damned","Country of the Damned","Village of the Damned","World of the Damned",3
"What is the title of the 1979 film starring Honor Blackman?","The Cat and the Canary","The Dungeon and the Dragon","The Lion and the Lamb","The Pit and the Pendulum",1
"Which Avengers girl appears in the 1973 film Theatre of Blood?","Honor Blackman","Joanna Lumley","Diana Rigg","Linda Thorson",3
"Who directed the 1996 film Scream?","William Blatty","John Carpenter","Roger Corman","Wes Craven",4
"What is the title of the low-budget 1999 film about a group of students filming a documentary?","The Brown Witch Projest","The Black Witch Project","The Blair Witch Project","The White Witch Project",3
"What  creatures appear in the 2004 spoof horror film Shaun of the Dead?","Mummies","Vampires","Werewolves","Zombies",4
"Which novelist directed the 1987 film Hellraiser?","Clive Barker","James Herbert","Stephen King","Dean Koontz",1
"Who plays the title role in the 1935 film The Bride of Frankenstein?","Paulette Goddard","Jean Harlow","Elsa Lanchester","Myrna Loy",3
"What is the name of the killer doll who appears in the 1988 film Child's Play?","Cheeky","Chicky","Chocky","Chucky",4
"What is the title of the 1977 film starring Anthony Hopkins?","Audrey Rose","Margaret Rose","Mary Rose","Violet Rose",1
"Who starred in the 1941 film The Wolf Man?","Lon Chaney Jr","Lon Chaney Snr","Boris Karloff","Bela Lugosi",1
"Who plays Gregory Peck's wife in the 1976 film The Omen?","Jenny Agutter","Jessica Lange","Helen Morse","Lee Remick",4
"The horror star Boris Karloff was born in which country?","Canada","England","Hungary","Romania",2
"Who played the title role in the 1943 film Phantom of the Opera?","Joseph Cotton","Peter Lorre","Claude Rains","Orson Welles",3
"Who starred in the 1965 film The Collector?","Tom Courtenay","David Hemmings","Malcolm McDowell","Terence Stamp",4
"What is the name of the killer in the 1974 film The Texas Chainsaw Massacre?","Leatherface","Moonface","Pigface","Ratface",1
"Who stars in the 1978 film Halloween?","Jamie Lee Curtis","Jodie Foster","Sissy Spacek","Sigourney Weaver",1
"What is the title of the 1974 Canadian film starring Olivia Hussey and Margot Kidder as students?","Black Angel","Black Christmas","Black Day","Black Moon",2
"The 1973 film The Exorcist is based on the novel by which writer?","Peter Benchley","William Blatty","Stephen King","H P Lovecraft",2
"What is the surname of Jody Foster's character in the 1991 film The Silence of the Lambs?","Sparrow","Starling","Stirling","Swift",2
"Who plays Mia Farrow's husband in the 1967 film Rosemary's Baby?","Warren Beatty","John Cassavetes","Laurence Harvey","Jack Nicholson",2
"Who wrote the short story on which the 1963 film The Birds was based?","Agatha Christie","Daphne Du Maurier","Mary Shelley","Virginia Woolf",2
"Which Dennis Wheatley novel was adapted into a 1976 film starring Richard Widmark and Christopher Lee?","To the Devil a Brother","To the Devil a Daughter","To the Devil a Sister","To the Devil a Son",2
"In the 1988 film American Gothic, Pa is played by Rod Steiger. Who plays Ma?","Yvonne De Carlo","Greer Garson","Carolyn Jones","Jennifer Jones",1
"In the 1991 film The Silence of the Lambs, the FBI seek Hannibal Lecter's help in tracking down a serial killer known by what name?","Buffalo Bill","Jack the Ripper","Jesse James","Vlad the Impaler",1
"What is the name of the sinister plant in the 1960 film The Little Shop of Horrors?","Alice Jr","Amy Jr","Annie Jr","Audrey Jr",4
"What is the title of the 1974 film, the first to be directed by Peter Weir?","The Cars That Ate Chicago","The Cars That Ate New York","The Cars That Ate Paris","The Cars That Ate Sydney",3
"Which country is the birthplace of Ingrid Pitt, who starred in the 1970 film The Vampire Lovers?","Austria","Germany","Poland","Sweden",3
"What is the name of Harry H Corbett's character in the 1966 film Carry On Screaming?","Sidney Bang","Sidney Bing","Sidney Bong","Sidney Bung",4
"What is the title of the 1990 film set in the Nevada desert and featuring giant worms known as Graboids?","Convulsions","Shakes","Trembles","Tremors",4
"What is the title of the 1977 film directed by David Lynch and featuring a grotesque baby?","Blockhead","Bonehead","Eraserhead","Pinhead",3
"Who plays the character who is impregnated by Proteus, an artificial intelligence system, in the 1977 film Demon Seed?","Julie Christie","Julie Ege","Mia Farrow","Barbara Shelley",1
"You'll Never Walk Alone, the famous football anthem of Liverpool FC, comes from which musical?","Cabaret","Carousel","Show Boat","The Sound of Music",2
"Brigadoon is a village that only appears for one day every how many years?","10","20","50","100",4
"What type of transport features in the Cliff Richard musical Summer Holiday?","A camper van","A double-decker bus","A moped","A tandem",2
"What is the first name of Dick Van Dyke's character in Mary Poppins?","Ben","Bert","Bill","Bob",2
"My Fair Lady is based on which play by George Bernard Shaw?","Arms and the Man","The Millionairess","Pygmalion","Saint Joan",3
"Who plays the title role in the 1970 musical Scrooge?","Michael Caine","Tom Courtenay","Albert Finney","Alec Guinness",3
"Who plays the female lead in the 1969 musical Hello Dolly!?","Carol Channing","Shirley MacLaine","Bette Midler","Barbra Streisand",4
"Who plays the title role in the 1958 musical Gigi?","Leslie Caron","Francoise Hardy","Audrey Hepburn","Jean Simmons",1
"Which rock and roll star did Gary Busey play in a 1978 musical?","Eddie Cochrane","Buddy Holly","Elvis Presley","Gene Vincent",2
"Who played the title role in the 1956 musical comedy The Court Jester?","Fred Astaire","Red Buttons","Danny Kaye","Red Skelton",3
"Who plays the title role in the 1955 film Kismet?","Nelson Eddy","Howard Keel","Gene Kelly","Gordon MacRae",2
"Which 1956 rock and roll film was issued as  an immediate follow-up to Rock Around the Clock?","Don't Knock the Rock","Don't Mock the Rock","Don't Stop the Rock","Rock Around the Clock Again",1
"Who plays the female lead in the 1956 musical The King and I?","Deborah Kerr","Gertrude Lawrence","Maureen O'Sullivan","Dinah Shore",1
"Who plays Anita in the 1961 musical West Side Story?","Dorothy Dandridge","Katy Jurado","Rita Moreno","Chita Rivera",3
"The 1956 musical High Society is based on which 1940 comedy film?","The Chicago Story","The Hollywood Story","The New York Story","The Philadelphia Story",4
"Busby Berkeley, who died in 1976, is best remembered in the field of musicals as a what?","Cameraman","Choreographer","Lyricist","Scriptwriter",2
"What weapons are used by the juvenile gangsters in the 1976 musical Bugsy Malone?","Splidge guns","Splodge guns","Spludge guns","Splurge guns",4
"Who plays Nathan Detroit in the 1955 musical Guys and Dolls?","Marlon Brando","Gene Kelly","Donald O'Connor","Frank Sinatra",4
"In the 1953 musical Calamity Jane, the title character, played by Doris Day, is romantically linked with which Wild West character?","Buffalo Bill","General Custer","Wild Bill Hickok","Jesse James",3
"In the 1967 musical The Happiest Millionaire, Tommy Steele's character applies for a job as a what?","Butler","Chauffeur","Gardener","Librarian",1
"In the 1948 musical Easter Parade, the parade itself takes place on which New York avenue?","Third Avenue","Fourth Avenue","Fifth Avenue","Sixth Avenue",3
"Who  plays the title role in the 1969 musical Goodbye Mr Chips?","Richard Harris","Keith Michell","Peter O'Toole","Tommy Steele",3
"Who plays Lord Scrumptious in the 1968 musical Chitty Chitty Bang Bang?","Michael Hordern","Lionel Jeffries","James Robertson Justice","Eric Sykes",3
"In the 1965 film The Sound of Music, Baron von Trapp has how many children?","5","6","7","8",3
"In the 1951 musical An American in Paris, Gene Kelly's character is trying to make a living in the city as what?","A dancer","A painter","A sculptor","A writer",2
"Who directed the 1953 musical Gentlemen Prefer Blondes?","Michael Curtiz","John Ford","Howard Hawks","Howard Hughes",3
"What is the name of the night club in the 1972 musical Cabaret?","The Blue Angel","The Hell Fire Club","The Kit Kat Club","The Spandau Club",3
"What is the name of Paul Robeson's character in the 1936 musical Show Boat?","Jim","Jeb","Jem","Joe",4
"Who duets with Bing Crosby on the song Count Your Blessings Instead of Sheep in the 1954 musical White Christmas?","Rosemary Clooney","Vera-Ellen","Mitzi Gaynor","Shirley Jones",1
"In the 1968 musical Star!, who  is portrayed by Julie Andrews?","Doris Day","Judy Garland","Gertrude Lawrence","Ethel Merman",3
"What is the surname of the character played by Sigourney Weaver in the Alien films?","Radley","Ridley","Ripley","Rodney",3
"What is the name of the deadly game in the title of the 1975 film starring James Caan?","Laserball","Rocketball","Rollerball","Spaceball",3
"In the title of the 1954 film starring Richard Carlson, the creature came from where?","The Black Country","The Black Hills","The Black Lagoon","The Black Lake",3
"What is the name of the alien creature that features in the 1958 film starring Steve McQueen?","The Bladder","The Blimp","The Blob","The Blurb",3
"What is the name of the computer in the 1968 film 2001: A Space Odyssey?","HAL","PAL","SAL","VAL",1
"The 1982 film Blade Runner is set in which city?","Chicago","Los Angeles","New York","Seattle",2
"Who plays the genetic mutant with webbed feet in the 1995 film Waterworld?","Kevin Costner","Tom Cruise","Mel Gibson","Tom Hanks",1
"What is the name of the computer hacker played by Keanu Reeves in the Matrix films?","Beo","Leo","Neo","Theo",3
"For what do the letters stand in the title of Steven Spielberg's 2001 film A.I.?","Advanced Intelligence","Alien Intelligence","Altered Intelligence","Artificial Intelligence",4
"Who plays the title role in the 2004 film Catwoman?","Halle Berry","Penelope Cruz","Jennifer Lopez","Uma Thurman",1
"Who plays the alien Klaatu in the 1951 film The Day the Earth Stood Still?","Peter Cushing","Christopher Lee","Raymond Massey","Michael Rennie",4
"What is David Bowie's character seeking in the 1976 film The Man Who Fell to Earth?","Children","Food","Water","Women",3
"Who plays the female lead in the 1966 film Fantastic Voyage?","Anne Bancroft","Julie Christie","Jane Fonda","Raquel Welch",4
"What is the title of the 1997 film directed by Kevin Costner, and in which he also stars?","The Dustman","The Mailman","The Policeman","The Postman",4
"The 2002 film Minority Report is based on a short story by which writer?","Isaac Asimov","Arthur C Clarke","Philip K Dick","Kurt Vonnegut",3
"Who  plays the scientist who ends up as part human, part insect, in the 1958 version of The Fly?","Richard Basehart","David Hedison","David Janssen","Vincent Price",2
"The 1987 film RoboCop is set in which city?","Detroit","Milwaukee","Philadelphia","San Francisco",1
"What is the title of the 2002 Mel Gibson film in which mysterious crop circles appear all around the world?","Division","Revision","Signs","Symbols",3
"Who plays the time traveller in the 1960 film The Time Machine?","Glenn Ford","Christopher Plummer","Robert Taylor","Rod Taylor",4
"What is the name of Marcel Marceau's character in the 1968 film Barbarella?","Professor Pang","Professor Ping","Professor Pong","Professor Pung",2
"In the 1982 film Blade Runner, what name is given to the genetically manufactured beings, identical to humans?","Androids","Atavars","Cyborgs","Replicants",4
"The 1984 film Dune is based on the novel of the same name by which writer?","Harry Harrison","Frank Herbert","Damon Knight","Frederick Pohl",2
"In the 1957 film The Incredible Shrinking Man, the title character has a battle with what creature?","A bee","A fly","A spider","A wasp",3
"What is the event that leads to the disaster in the 1961 film The Day the Earth Caught Fire?","Asteroid strikes","Earthquakes","Nuclear explosions","Volcanic eruptions",3
"Who wrote, directed and starred in the 1973 film Sleeper?","Alan Alda","Woody Allen","Mel Brooks","Gene Wilder",2
"In the 1977 film Close Encounters of the Third Kind, the Richard Dreyfuss character compulsively makes models of what?","Angels Tower","Demons Tower","Devils Tower","Spirits Tower",3
"Who plays Lois Lane in the 1978 film Superman: The Movie?","Shelley Duvall","Diane Keaton","Margot Kidder","Shelley Long",3
"In the 1976 film Logan's Run, society decrees that everyone reaching what age must die?","25","30","35","40",2
"Who plays the US president in the 1996 film Independence Day?","Michael Douglas","Bill Pullman","Kurt Russell","Martin Sheen",2
"Who plays Captain Nemo in the 1954 film 20,000 Leagues Under the Sea?","Robert Beatty","Kirk Douglas","James Mason","Anthony Quinn",3
"In which year did the film &quot;Star Wars&quot; get released?","1975","1976","1977","1978",3
"Who directed the 1979 sci-fi film &quot;Alien&quot;?","Irvin Kershner","John Carpenter","Ridley Scott","Robert Zemeckis",3
"In which country was the 1927 film &quot;Metropolis&quot; made?","Austria","Czechoslovakia","Germany","Switzerland",3
"According to the film title, when was &quot;A Space Odyssey&quot;?","1999","2000","2001","2002",3
"Who played the male lead in the 1985 film &quot;Back To The Future&quot;?","Edward Fox","James Fox","Michael J Fox","Reynard T Fox",3
"Who directed the 1982 film &quot;ET : The Extra Terrestrial&quot;?","George Lucas","James Cameron","Stanley Kubrick","Steven Spielberg",4
"In the 2005 film &quot;Serenity&quot; what is the name of the crazy human cannibals?","Ravers","Reavers","Rivers","Rovers",2
"In the 1968 film &quot;Planet Of The Apes&quot;, who played the part of George Taylor?","Burt Lancaster","Charlton Heston","George C Scott","Harrison Ford",2
"Which character did Rutger Hauer play in the 1982 film&quot;Blade Runner&quot;?","Hannibal Chew","Leon Kowalski","Rick Deckard","Roy Batty",4
"Which future politician played a leading role in the 1984 film &quot;Terminator&quot;?","Arnold Schwarzenegger","Clint Eastwood","Glenda Jackson","Sonny Bono",1
"Who plays the US Army Ranger Lieutenant Schaffer in the 1968 film Where Eagles Dare?","Charles Bronson","James Coburn","Clint Eastwood","Steve McQueen",3
"Who plays the French railway inspector and Resistance leader Paul Labiche in the 1964 film The Train?","Kirk Douglas","Burt Lancaster","Paul Newman","Rod Steiger",2
"What is the name of Thomas Kenneally's novel that was adapted for the cinema as Schindler's List in 1993?","Schindler's Ark","Schindler's People","Schindler's Plan","Schindler's Secret",1
"What is the title of the 1963 film starring Charlton Heston and set during the Boxer Rebellion?","33 Days at Peking","44 Days at Peking","55 Days at Peking","66 Days at Peking",3
"The 1951 film The Red Badge of Courage is set during which war?","The American Civil War","World War One","The Spanish Civil War","World War Two",1
"The 1964 film Zulu is set in which country?","Kenya","Morocco","Nigeria","South Africa",4
"The 1930 film All Quiet on the Western Front traces the World War One  experiences of a group of soldiers from which country?","Canada","England","France","Germany",4
"What is the title of the 1959 film starring Gregory Peck and set during the Korean War?","Hamburger Hill","Lamb Chop Hill","Pork Chop Hill","T-Bone Hill",3
"The 1979 film Apocalypse Now is based on the novel Heart of Darkness, written by whom?","Joseph Conrad","Stephen Crane","Edgar Allan Poe","Mark Twain",1
"The 1984 film The Killing Fields is set in which Asian country?","Cambodia","Indonesia","Laos","Thailand",1
"Who plays the arrogant British commander Lord Chelmsford in the 1979 film Zulu Dawn?","Michael Caine","Denholm Elliott","Richard Harris","Peter O'Toole",4
"The 1966 film Khartoum, starring Charlton Heston as General Gordon, is set in which  African country?","Egypt","Morocco","Sudan","Tunisia",3
"The 1943 film For Whom the Bell Tolls is based on the  novel by which writer?","Ernest Hemingway","Norman Mailer","Nicholas Monsarrat","John Steinbeck",1
"What is the nickname of John Gregson's character, Pilot Officer Baird, in the 1952 film Angels One Five?","Drastic","Frantic","Septic","Toxic",3
"The 1970 film Catch-22 is set on which island during World War Two?","Piandella","Pianola","Pianora","Pianosa",4
"Who plays Lieutenant Colonel Nicholson in the 1957 film The Bridge on the River Kwai?","Alec Guinness","Jack Hawkins","Anthony Quayle","Ralph Richardson",1
"What is the title of the 1968 film starring John Wayne and set during the Vietnam War?","The Black Berets","The Blue Berets","The Green Berets","The Red Berets",3
"Who plays the demented Captain Queeg in the 1954 film The Caine Mutiny?","Humphrey Bogart","William Holden","Fred MacMurray","Richard Widmark",1
"Who plays the escaping German prisoner in the 1957 film The One That Got Away?","Anton Diffring","Klaus Kinski","Hardy Kruger","Erich von Stroheim",3
"Which 1993 film starring Martin Sheen and Tom Berenger takes its name from an American Civil War battle?","Bull Run","Chattanooga","Gettysburg","Shiloh",3
"The 1955 film The Colditz Story is based on the memoirs published three years earlier by which real-life escapee?","Pat Ray","Pat Reid","Pat Rolfe","Pat Rose",2
"In the 2001 film Captain Corelli's Mandolin, what is the first name of the title character, played by Nicolas Cage?","Antonio","Giovanni","Mario","Paulo",1
"Who directed the 1987 Vietnam War film Full Metal Jacket?","Robert Altman","Jonathan Demme","Stanley Kubrick","John Landis",3
"Who starred as Brigadier General Frank Savage in the 1949 film about United States Army Air Force bomber crews, Twelve o'Clock High?","Rock Hudson","Burt Lancaster","Gregory Peck","James Stewart",3
"What is the title of the 1927 silent film about World War One fighter pilots?","Clouds","Combat","Flight","Wings",4
"Which military operation features in the 1977 film A Bridge Too Far?","Operation Crossbow","Operation Frantic","Operation Market Garden","Operation Sealion",3
"In the 1998 film Saving Private Ryan, what are the first names of the title character?","James Francis","James Frederick","John Francis","John Frederick",1
"Which singer appeared in the 1961 film The Guns of Navarone?","Frankie Avalon","Glen Campbell","James Darren","Ricky Nelson",3
"Who plays Hawkeye Pierce in the 1970 film MASH?","Alan Alda","Robert Duvall","Elliot Gould","Donald Sutherland",4
"Who starred as the title character in the 1951 film The Desert Fox: The Story of Rommel?","Richard Burton","Trevor Howard","Herbert Lom","James Mason",4
"Who plays the paralysed soldier Ron Kovic in the 1989 film Born on the Fourth of July?","Nicolas Cage","Tom Cruise","Willem Dafoe","Christopher Walken",2
"The 1968 film Where Eagles Dare is based on a novel by which writer?","Tom Clancy","Frederick Forsyth","Alistair MacLean","Wilbur Smith",3
"In the 1978 film The Deer Hunter, the main characters are a group of steel workers from which US state?","Illinois","New Jersey","Ohio","Pennsylvania",4
"Who plays Winston Churchill in the 1972 film Young Winston?","Robert Hardy","Anthony Hopkins","Christopher Jones","Simon Ward",4
"What is the name of the ship that features in the 1953 film The Cruel Sea?","Compass Rose","Dog Rose","Margaret Rose","Sea Rose",1
"The 1981 film Gallipoli depicts a battle that took place in which country?","France","Greece","Italy","Turkey",4
"Who directed the 1979 film Apocalypse Now?","Francis Ford Coppola","Martin Scorsese","Oliver Stone","Steven Spielberg",1
"What is the title of the 1925 silent film by  Sergei Eisenstein and set during the Russian Revolution of 1905?","The Battleship Perestroika","The Battleship Petrushka","The Battleship Potemkin","The Battleship Potsdam",3
"Which German pocket battleship is scuttled by her captain in the 1956 film Battle of the River Plate?","Admiral Graf Spee","Bismarck","Deutschland","Rheinland",1
"Who plays the senior British officer, Major Fincham, in the 1965 film Von Ryan's Express?","Richard Attenborough","Stanley Baker","Trevor Howard","John Mills",3
"For which 1969 film did John Wayne finally win an Oscar?","McLintock!","The Alamo","The Sons Of Katie Elder","True Grit",4
"Which controversial 2005 Western film starred Heath Ledger and Jake Gyllenhaal?","Brokeback Mountain","Home On The Range","Sugar Creek","The Proposition",1
"Which character did Clint Eastwood play in the 1973 film &quot;High Plains Drifter&quot;?","Blondie","Joe","The Man With No Name","The Stranger",4
"Who starred in the 1943 film &quot;The Ox-Bow Incident&quot;?","Errol Flynn","Henry Fonda","Randolph Scott","Robert Young",2
"Who played the part of Marshal Will Kane in the 1952 film &quot;High Noon&quot;?","Alan Ladd","Errol Flynn","Gary Cooper","Robert Mitchum",3
"&quot;Gunfight At The OK Corral&quot; concerns a fight near to which Western town?","Abilene","Dodge City","Tombstone","Waco",3
"Who directed the 1969 film &quot;Butch Cassidy And The Sundance Kid&quot;?","Clint Eastwood","George Roy Hill","Martin Ritt","Sam Peckinpah",2
"Which 1999 Will Smith film was described as Science Fiction Western (Steampunk)?","Bad Boys","Independence Day","Men In Black","Wild Wild West",4
"In the 1976 film &quot;The Shootist&quot;, which &quot;Happy Days&quot; star played Gillom Rogers?","Anson Williams","Donny Most","Henry Winkler","Ron Howard",4
"Which spoof Western film did Mel Brooks bring out in 1974?","Blazing Saddles","Cat Ballou","Go West","Smokey And The Bandit",1
"Who played the character Britt in the 1960 western The Magnificent Seven?","Yul Brynner","James Coburn","Steve McQueen","Robert Vaughn",2
"In which 1939 western did John Wayne play The Ringo Kid?","Cattle Drive","Mule Train","Stagecoach","Wagon Train",3
"Who played Marshal Will Kane in the classic 1952 western High Noon?","Gary Cooper","Henry Fonda","Gregory Peck","James Stewart",1
"In the 1966 western, when Clint Eastwood was The Good and Lee Van Cleef was The Bad, who was The Ugly?","Jack Elam","Jack Palance","Rod Steiger","Eli Wallach",4
"What was the name of Kevin Costner's character in the 1990 film Dances With Wolves?","John Dunbar","John Dundee","John Dunlop","John Dunstan",1
"What is the name of the valley on the borders of Arizona and Utah that has long been a favourite location for western film-makers?","Death Valley","Monument Valley","Napa Valley","San Fernando Valley",2
"In which 1964 western did Dustin Hoffman play a character 121 years old?","Little Big Bear","Little Big Buffalo","Little Big Horn","Little Big Man",4
"Which sex symbol starred in the 1943 western The Outlaw?","Marlene Dietrich","Marilyn Monroe","Jane Russell","Mae West",3
"Who directed the violent 1969 western The Wild Bunch?","John Ford","Howard Hawks","John Huston","Sam Peckinpah",4
"Who wrote the score for the 1973 western  Pat Garrett and Billy the Kid?","Bob Dylan","Kris Kristofferson","Bruce Springsteen","John Williams",1
"Who played the title role in the 1953 western Shane?","Glenn Ford","Alan Ladd","Audie Murphy","John Wayne",2
"Who played the widow from whom John Wayne's character rents a room in his last film, The Shootist, made in 1975?","Lauren Bacall","Katy Jurado","Vera Miles","Barbara Stanwyck",1
"The 2003 western Open Range, starring Kevin Costner and Robert Duvall, was set in which US state?","Arizona","Colorado","Montana","Wyoming",3
"Who wrote the score for the 1960 western The Magnificent Seven?","John Barry","Elmer Bernstein","Leonard Bernstein","Jerome Moross",2
"Which singing cowboy was married to Dale Evans?","Rex Allen","Gene Autry","Tex Ritter","Roy Rogers",4
"Marlene Dietrich starred opposite James Stewart in the 1939 western Destry Rides Again, playing the character Frenchy. What was Frenchy's job?","Fur trapper","Rancher","Newspaper proprietor","Saloon singer",4
"In the 1941 film  Western Union, what exactly is Western Union?","A bank","A cattle company","A railroad","A telegraph company",4
"In the 1956 western The Searchers, John Wayne's character is looking for his niece, played by Natalie Wood, who's been abducted by Indians of what tribe?","Apache","Comanche","Navajo","Sioux",2
"Which character was played by Kirk Douglas in the 1957 western Gunfight at the OK Corral?","Morgan Earp","Virgil Earp","Wyatt Earp","Doc Holliday",4
"Who played English Bob in the 1992 Clint Eastwood western Unforgiven?","Michael Gambon","Richard Harris","John Hurt","Alan Rickman",2
"Who plays the title role in the 1971 western The Hired Hand?","Bruce Dern","Peter Fonda","Kris Kristofferson","Jack Nicholson",2
"What is the name of the town featured in the 1973 Clint Eastwood western High Plains Drifter?","Dago","Fargo","Lago","Prego",3
"What is the name of Dom DeLuise's character in the 1974 comedy western Blazing Saddles?","Buddy Bizarre","Peculiar Pete","Slim Strange","Weird Wilbur",1
"Who plays the kidnapped wife in the 1966 western The Professionals?","Brigitte Bardot","Claudia Cardinale","Gina Lollobrigida","Sophia Loren",2
"What event is at the centre of the 1940 western The Ox-Bow Incident, starring Henry Fonda?","A buffalo stampede","An Indian massacre","A lynching","A train robbery",3
"Which US president does Kevin Kline play in the 1999 western Wild Wild West?","James Garfield","U S Grant","Andrew Johnson","Abraham Lincoln",2
"In the 1992 Clint Eastwood western Unforgiven, who plays Eastwood's partner, Ned Logan?","Morgan Freeman","Danny Glover","Samuel L Jackson","Will Smith",1
"What is the name of the amusement park in the 1973 western Westworld?","Delos","Helos","Melos","Pelos",1
"What is the name of the ranch owned by Jean Simmons's character in the 1958 western The Big Country?","Big Dusty","Big Easy","Big Muddy","Big Snowy",3
"What is the name of Bob Dylan's character in the 1973 western Pat Garrett and Billy the Kid?","Abilene","Alias","Alibi","Amigo",2
"Who played Indiana Jones in the 1981 film &quot;Raiders Of The Lost Ark&quot;?","Arnold Schwarzenegger","Harrison Ford","Rutger Hauer","Steve McQueen",2
"Who played Private Ryan in the 1998 film &quot;Saving Private Ryan&quot;?","Adam Goldberg","Barry Pepper","Edward Burns","Matt Damon",4
"In the 2005 film &quot;Sin City&quot;, what is the name of the city in which it is set?","Basin City","Bowl City","Dish City","Plate City",1
"In which war is the 1986 film &quot;Platoon&quot; set?","Falklands War","Korean War","Vietnam War","World War II",3
"How many Oscars did the 2000 Ridley Scott film &quot;Gladiator&quot; win?","3","4","5","6",3
"What background is shown when the credits roll in the 1959 film &quot;Ben-Hur&quot;?","Colosseum","Sistine Chapel Ceiling","Spanish Steps","Trevi Fountain",2
"Who played Angel Eyes in the 1966 film &quot;The Good, The Bad And The Ugly&quot;?","Clint Eastwood","Donald Sutherland","Eli Wallach","Lee Van Cleef",4
"Who directed the 1988 film &quot;Die Hard&quot;, starring Bruce Willis?","Francis Ford Coppola","James Cameron","John McTiernan","Rob Reiner",3
"Who acted in &quot;The Great Escape&quot; after having had 2 UK Top Ten pop hits?","Jess Conrad","John Leyton","Mark Wynter","Tommy Bruce",2
"Who directed and starred in the 1995 film &quot;Braveheart&quot;?","Mel Gibson","Sean Connery","Ted Danson","Tom Hanks",1
"In the 1970 film &quot;The Railway Children&quot;, who played Phyllis Waterbury?","Jenny Agutter","Paula Wilcox","Sally Thomsett","Susan George",3
"Who directed the 1995 film &quot;Toy Story&quot;?","Clint Eastwood","John Lassiter","Ridley Scott","Steven Spielberg",2
"Which famous male comic acted in the 1996 film &quot;Muppet Treasure Island&quot;?","Billy Connolly","Eddie Izzard","Jack Dee","Jackie Mason",1
"Who played Willy in the 1971 film &quot;Willy Wonka &amp; the Chocolate Factory&quot;?","Gene Autry","Gene Hackman","Gene Simmons","Gene Wilder",4
"In &quot;Harry Potter and the Sorcerer's Stone&quot;, who played Rubeus Hagrid?","John Hurt","Richard Griffiths","Richard Harris","Robbie Coltrane",4
"Which type of animal was &quot;Babe&quot; in the film of the same name?","Cow","Dog","Donkey","Pig",4
"In the &quot;Herbie&quot; films, what type of car was Herbie?","Lada","Nissan","Skoda","Volkswagen",4
"In the 2000 film &quot;The Flinstones&quot;, which part was played by John Goodman?","Barney Rubble","Cliff Vandercave","Fred Flinstone","Joe Rockhead",3
"In the 1967 film &quot;The Jungle Book&quot;, what animal was Bagheera?","Bear","Mongoose","Panther","Tiger",3
"In the Disney film &quot;Little Mermaid&quot;, what was the mermaid called?","Ariel","Jade","Marina","Nautilia",1
"How many Oscars were won by the 1965 film &quot;The Sound Of Music&quot;?","3","4","5","6",3
"Which of &quot;The Goons&quot; appeared in the 1968 musical film &quot;Oliver&quot;?","Harry Secombe","Michael Bentine","Peter Sellers","Spike Milligan",1
"When did &quot;The Rocky Horror Picture Show&quot; film go on general release?","1975","1976","1977","1978",1
"What were the two rival gangs called in the 1961 film &quot;West Side Story&quot;?","Gators and Lions","Grizzlies and Panthers","Jags and Tigers","Jets and Sharks",4
"What was the name of the High School in the 1978 film &quot;Grease&quot;?","Fairhurst High","Hawthorne High","Plumstead High","Rydell High",4
"In the 1939 film &quot;The Wizard Of Oz&quot;, who played the part of Dorothy?","Jane Russell","Judy Garland","Lana Turner","Shirley Temple",2
"Who played the male lead in the 1973 film &quot;Cabaret&quot;?","Henry Winkler","James Cahn","John Travolta","Michael York",4
"Who had a big hit with the eminent song from the 1994 film &quot;The Lion King&quot;?","Celine Dion","David Bowie","Elton John","Whitney Houston",3
"Which character did Dick Van Dyke play in &quot;Chitty Chitty Bang Bang&quot;?","Baron Bomburst","Caractacus Potts","Lord Scrumptious","The Toymaker",2
"Who starred alongside Dan Aykroyd in the 1984 film &quot;The Blues Brothers&quot;?","Bill Murray","John Belushi","Leslie Nielsen","Steve Martin",2
"The 1992 film Howards End is based on the novel by which writer?","E M Forster","John Fowles","D H Lawrence","Evelyn Waugh",1
"Thompson plays Karen in the 2003 romantic comedy Love Actually. Who plays her husband, Harry?","Colin Firth","Hugh Grant","Liam Neeson","Alan Rickman",4
"In the 1993 film The Remains of the Day, Thompson plays a housekeeper at which family house?","Darlington Hall","Guisborough Hall","Malton Hall","Richmond Hall",1
"Thompson plays Lady Marchmain in the 2008 film Brideshead Revisited. Who plays Lord Marchmain?","Michael Gambon","Ian McKellen","Patrick Stewart","Michael York",1
"Thompson plays Catherine of Valois in the 1989 film Henry V. Who plays the title role, that of her husband?","Brian Blessed","Kenneth Branagh","Ian Holm","Derek Jacobi",2
"Thompson plays the title role in the 2005 film children's film Nanny McPhee. Who plays the cook, Mrs Blatherwick?","Dawn French","Celia Imrie","Imelda Staunton","Alison Steadman",3
"Who plays Thompson's husband, the US presidential candidate, in the 1998 film Primary Colors?","Kevin Costner","Tom Hanks","Harvey Keitel","John Travolta",4
"What is the surname of Thompson's character in the 1995 film Sense and Sensibility?","Bennet","Dashwood","Elliot","Woodhouse",2
"What is the first name of the title character played by Thompson in the 1995 film Carrington?","Dora","Nora","Sara","Tara",1
"The 1993 film Much Ado About Nothing, in which Thompson plays Beatrice, is set on which island?","Corsica","Malta","Sardinia","Sicily",4
"The 2008 film The Curious Case of Benjamin Button is based on the short story by which author?","Isaac Asimov","Roald Dahl","Daphne du Maurier","F Scott Fitzgerald",4
"Who played the title role in Scrooge, the 1951 film version of Dickens' A Christmas Carol?","Alec Guinness","John Laurie","Robert Newton","Alastair Sim",4
"In Steven Spielberg's 2005 adaptation of H G Wells' The War of the Worlds, the action is switched from Woking in Surrey to which US state?","New Hampshire","New Jersey","New Mexico","New York",2
"Which character does Kermit play in the 1996 film Muppet Treasure Island, based on the Robert Louis Stevenson novel?","Billy Bones","Ben Gunn","Captain Smollett","Squire Trelawney",3
"Who played the title role in the 1948 film version of Tolstoy's Anna Karenina?","Olivia de Havilland","Katharine Hepburn","Vivien Leigh","Ann Sheridan",3
"The 1985 film The Color Purple is based on the Pulitzer Prize-winning novel by which author?","Toni Morrison","Philip Roth","John Updike","Alice Walker",4
"What nationality is Thomas Keneally, whose novel Schindler's Ark became the 1993 film Schindler's List?","American","Australian","Irish","South African",2
"Which 1954 war film was based on Guy Gibson's book Enemy Coast Ahead?","The Cockleshell Heroes","The Cruel Sea","The Dam Busters","The Sea Shall Not Have Them",3
"The 1963 film This Sporting Life, based on the David Storey novel, had its Rugby League scenes filmed on the ground of which club?","Castleford","Hunslet","Leeds","Wakefield Trinity",4
"The 1984 film Children of the Corn is based on a short story from which Stephen King collection?","Blood and Smoke","Different Seasons","Night Shift","Skeleton Crew",3
"Which was the first Ealing Comedy to be shot in Technicolor?","Kind Hearts and Coronets","The Ladykillers","The Lavender Hill Mob","The Titfield Thunderbolt",4
"What is the name of Stanley Holloway's character in Passport to Pimlico?","Arthur Parkinson","Arthur Pemberton","Arthur Pilkington","Arthur Pocklington",2
"Who or what is the title character in The Maggie?","A bus conductress","A pub landlady","A steamboat","A theatre",3
"What is the nickname of the ex-boxer played by Danny Green in The Ladykillers?","Knuckles","One-Round","Punchy","Slugger",2
"Who plays the local squire in The Titfield Thunderbolt?","John Gregson","Stanley Holloway","George Relph","Naunton Wayne",1
"What is the name of the policeman in Whisky Galore!?","Sergeant Major","Sergeant Odd","Sergeant Pepper","Sergeant Strange",2
"What type of suit features in the title of the 1951 film starring Alec Guinness?","Black","Grey Flannel","Pinstripe","White",4
"In Kind Hearts and Coronets, Alec Guinness plays how many members of the D'Ascoyne family?","Five","Six","Seven","Eight",4
"Who plays the petty criminal Lackery Wood in The Lavender Hill Mob?","Richard Attenborough","Sid James","Sam Kydd","Herbert Lom",2
"Who is the male star of the 1954 film The Love Lottery?","John Gregson","Kenneth More","David Niven","Donald Sinden",3
"The 1950 film Panic in the Streets is set in which US city?","Chicago","Los Angeles","New Orleans","New York",3
"What is the profession of Jane Fonda's character in the 1979 film The China Syndrome?","College professor","Lab assistant","Lawyer","News reporter",4
"Who plays the airport manager in the 1970 film Airport?","George Kennedy","Burt Lancaster","Dean Martin","Lloyd Nolan",2
"Who plays the son of Dennis Quaid's character in the 2004 film The Day After Tomorrow?","Macauley Culkin","Jake Gyllenhaal","Heath Ledger","Chris Owen",2
"In the 1972 film The Poseidon Adventure, the doomed liner is on its final voyage from New York to where?","Athens","Cape Town","Hong Kong","Singapore",1
"What type of natural disaster features in the 1996 film Twister?","Avalanche","Earthquake","Flood","Tornado",4
"What type of transport features in the 1976 film The Cassandra Crossing?","Balloon","Ship","Train","Truck",3
"Who stars in the 2006 film Snakes on a Plane?","Jamie Foxx","Samuel L Jackson","Eddie Murphy","Will Smith",2
"The 1993 film Alive features a crash in the Andes involving a rugby team from which country?","Argentina","Chile","Peru","Uruguay",4
"What is the nickname of the co-driver played by John Beck in the 1976 film The Big Bus?","Fingers","Knuckles","Legs","Shoulders",4
"Who plays Tyrone Power's German wife in the 1957 film Witness for the Prosecution?","Marlene Dietrich","Grace Kelly","Carole Lombard","Vera-Ellen",1
"The 1962 film To Kill a Mockingbird, starring Gregory Peck, is set during which decade?","1930s","1940s","1950s","1960s",1
"In the 1992 film A Few Good Men, who speaks the famous line 'You can't handle the truth'?","Kevin Bacon","Tom Cruise","Jack Nicholson","Kiefer Sutherland",3
"The title of the 1957 film Paths of Glory is taken from a line of poetry by which poet?","Thomas Gray","Wilfred Owen","Robert Southey","William Wordsworth",1
"Who plays Lieutenant Commander Challee, the prosecutor, in the 1954 film The Caine Mutiny?","Wendell Corey","Sterling Hayden","E G Marshall","Eli Wallach",3
"The 1962 film The Trial, directed by Orson Welles and starring Anthony Perkins, is based on the novel by which author?","Joseph Conrad","Gunter Grass","Franz Kafka","Thomas Mann",3
"What is the title of the 1966 film in which Paul Scofield plays Sir Thomas More?","Man and Superman","A Man for All Seasons","Man of the Moment","Man of La Mancha",2
"In the 1959 film Anatomy of a Murder, George C Scott plays the city prosecutor. Who plays the defence lawyer?","Gary Cooper","Henry Fonda","Glenn Ford","James Stewart",4
"Who is the murder victim in the 1996 Richard Gere film Primal Fear?","An archbishop","An army general","A judge","A senator",1
"Which US president does Anthony Hopkins play in the 1997 film Amistad?","John Quincy Adams","Andrew Jackson","James Madison","James Monroe",1
"Who played the title role in the 1931 film A Connecticut Yankee?","Charlie Chaplin","Buster Keaton","Mickey Rooney","Will Rogers",4
"Who plays Grendel's mother in the 2007 film Beowulf?","Penelope Cruz","Cameron Diaz","Angelina Jolie","Uma Thurman",3
"Which fairy tale provided the title of the 1952 Abbot and Costello film?","Beauty and the Beast","Cinderella","Jack and the Beanstalk","Little Red Riding Hood",3
"The 1961 film The Mysterious Island, starring Michael Craig and Joan Greenwood, is set during which war?","English Civil War","American Civil War","Russian Civil War","Spanish Civil War",2
"The 2007 film The Golden Compass is based on which Philip Pullman novel?","The Amber Spyglass","The Book of Dust","Northern Lights","The Subtle Knife",3
"Who directed the 1990 film Edward Scissorhands?","Tim Burton","Chris Columbus","Paul Verhoeven","Jerry Zucker",1
"Who played the title role in the 1924 film The Thief of Bagdad?","Lon Chaney","Douglas Fairbanks Sr","Harold Lloyd","Ramon Novarro",2
"In the 1969 film The Valley of Gwangi, who or what is Gwangi?","A dinosaur","A dragon","A genie","A goblin",1
"In the 1981 film Clash of the Titans, Ursula Andress plays which Greek goddess?","Aphrodite","Athena","Hera","Selene",1
"John Cleese plays which legendary figure in the 1981 film Time Bandits?","King Arthur","Robin Hood","Spring Heeled Jack","Tom Thumb",2
"What is the name of the 2001 film in which Vinnie Jones captains a team of prisoners in a football match against the guards?","Inside","Mean Machine","Offside","Penalty",2
"Who plays the title role in the 1980 film Brubaker?","Steve McQueen","Paul Newman","Jack Nicholson","Robert Redford",4
"In the 1979 film version of Porridge, which real-life prison was used for the location filming?","Chelmsford","Durham","Leicester","Wakefield",1
"Who directed the 1954 film Riot in Cell Block 11?","John Ford","John Frankenheimer","Sam Peckinpah","Don Siegel",4
"Who plays the British Army 'glasshouse' Regimental Sergeant Major in the 1965 film The Hill?","Harry Andrews","Ian Bannen","Ian Hendry","Michael Redgrave",1
"In the 1994 film The Shawshank Redemption, the penitentiary is situated in which US state?","Maine","Maryland","Mississippi","Montana",1
"What is the real name of Burt Lancaster's character in the 1962 film Birdman of Alcatraz?","Robert Stark","Robert Steel","Robert Stone","Robert Stroud",4
"The 1999 film The Green Mile is set during which decade?","1930s","1940s","1950s","1960s",1
"In the 1990 film Death Warrant, what is the name of the maniac who ends up in prison with undercover Canadian Mountie Jean-Claude Van Damme?","Candyman","Handyman","Iceman","Sandman",4
"The title of the 1978 film Midnight Express is prison slang for what?","Escape attempt","Food parcel","Prison visit","Solitary confinement",1
"The 2008 film The Curious Case of Benjamin Button is based on the short story by which author?","Isaac Asimov","Roald Dahl","Daphne du Maurier","F Scott Fitzgerald",4
"Who played the title role in Scrooge, the 1951 film version of Dickens' A Christmas Carol?","Alec Guinness","John Laurie","Robert Newton","Alastair Sim",4
"In Steven Spielberg's 2005 adaptation of H G Wells' The War of the Worlds, the action is switched from Woking in Surrey to which US state?","New Hampshire","New Jersey","New Mexico","New York",2
"Which character does Kermit play in the 1996 film Muppet Treasure Island, based on the Robert Louis Stevenson novel?","Billy Bones","Ben Gunn","Captain Smollett","Squire Trelawney",3
"Who played the title role in the 1948 film version of Tolstoy's Anna Karenina?","Olivia de Havilland","Katharine Hepburn","Vivien Leigh","Ann Sheridan",3
"The 1985 film The Color Purple is based on the Pulitzer Prize-winning novel by which author?","Toni Morrison","Philip Roth","John Updike","Alice Walker",4
"What nationality is Thomas Keneally, whose novel Schindler's Ark became the 1993 film Schindler's List?","American","Australian","Irish","South African",2
"Which 1954 war film was based on Guy Gibson's book Enemy Coast Ahead?","The Cockleshell Heroes","The Cruel Sea","The Dam Busters","The Sea Shall Not Have Them",3
"The 1963 film This Sporting Life, based on the David Storey novel, had its Rugby League scenes filmed on the ground of which club?","Castleford","Hunslet","Leeds","Wakefield Trinity",4
"The 1984 film Children of the Corn is based on a short story from which Stephen King collection?","Blood and Smoke","Different Seasons","Night Shift","Skeleton Crew",3
"Where did the Little League baseball team the Bad News Bears go to in the title of the 3rd film in the series, released in 1978?","England","Florida","Hawaii","Japan",4
"What is the title of the 2002 Canadian film about curling?","Men With Brooms","Men With Ice","Men With Stones","Men With Women",1
"In the 1972 film Junior Bonner Steve McQueen plays a rodeo star. Who plays his younger brother?","Joe Don Baker","Bruce Dern","Tommy Lee Jones","Kris Kristofferson",1
"Which sport is featured in the 2005 Heath Ledger film Lords of Dogtown?","Cycling","Motocross","Rollerblading","Skateboarding",4
"Who plays the US team coach in the 1969 skiing film Downhill Racer?","Robert Duvall","Gene Hackman","Larry Hagman","Martin Landau",2
"What is the name of Mickey Rourke's character in the 2008 film The Wrestler?","Rocky Rawlinson","Ruby Richardson","Ricky Robertson","Randy Robertson",4
"Which former Wimbledon champion was tennis adviser on the 2004 film Wimbledon?","Pat Cash","Jimmy Connors","John McEnroe","Pete Sampras",1
"Who plays the ageing England cricketer in the 1953 film The Final Test?","Stanley Holloway","Trevor Howard","James Robertson Justice","Jack Warner",4
"In the 1939 film The Arsenal Stadium Mystery, Arsenal play a friendly match against which fictional side?","The Corinthians","The Macedonians","The Spartans","The Trojans",4
"In the 1980 film Raging Bull, Robert De Nero plays the boxer Jake La Motta. Who plays his brother Joey?","James Caan","Nick Nolte","Al Pacino","Joe Pesci",4
